file,line,text
src/app/api/voice/speak/route.ts,8,* `POST /api/voice/speak` — text to speech for the `አድምጥ` digest.
src/app/draw/page.tsx,27,እጣ
src/app/draw/page.tsx,41,"{locale === ""am"" ? ""EN"" : ""አማ""}"
src/app/layout.tsx,7,"title: ""Sened (ሰነድ) — የህብረተሰብ እቁብ እና ዕድር አስተዳዳሪ"","
src/app/offline/offline-console.tsx,677,"{locale === ""en"" ? ""አማርኛ"" : ""English""}"
src/app/offline/page.tsx,15,"title: ""Sened · የመስመር መዝገብ ጠረጴዛ — Offline ledger desk"","
src/app/page.tsx,259,* *verified* contributions; adding a spoken one to it would make the ደብተር
src/app/page.tsx,285,"name: ""የተናገረ ልይል"","
src/components/contributions/ContributionFeed.tsx,377,"? `${selected.amount.toLocaleString(locale === ""am"" ? ""am-ET"" : ""en-US"")} ብር`"
src/components/cultural/CulturalIcons.tsx,4,* Authentic Ethiopian Meskel Cross Icon (የመስቀል ጥልፍ)
src/components/cultural/CulturalIcons.tsx,47,* Authentic Center Diamond Embroidery Medallion (የጥልፍ አልማዝ ማዕከል)
src/components/cultural/CulturalIcons.tsx,99,* Vertical Woven Tibeb Embroidery Border (የጥበብ ዳርቻ ጥልፍ)
src/components/cultural/CulturalIcons.tsx,129,* Traditional Ethiopian Scalloped Arch Plaque (የብራና ጽላት ሰሌዳ)
src/components/cultural/CulturalIcons.tsx,132,"title = ""አድምጥ"","
src/components/cultural/CulturalIcons.tsx,147,"aria-label=""የቦሌ መድኃኔዓለም እቁብ ሪፖርት አድምጥ"""
src/components/cultural/CulturalIcons.tsx,217,* 3D Woven Mesob Basket Component (ባህላዊ መሶብ)
src/components/cultural/CulturalIcons.tsx,244,{/* Crown Knob (ጉልላት) */}
src/components/cultural/CulturalIcons.tsx,248,{/* Conical Lid (ክዳን) */}
src/components/cultural/CulturalIcons.tsx,261,{/* Lid Lip / Rim (የክዳን ከንፈር) */}
src/components/cultural/CulturalIcons.tsx,273,{/* Mesob Waist Drum (መካከለኛ አካል) */}
src/components/cultural/CulturalIcons.tsx,286,{/* Flared Pedestal Base (እግር / መቀመጫ) */}
src/components/cultural/MemberAvatar.tsx,8,"* A member's portrait inside a Tibeb (ጥበብ) embroidered border, optionally"
src/components/cultural/MesobIcon.tsx,4,* Traditional Ethiopian Mesob (መሶብ) Woven Basket Icon
src/components/draw/DrawBoard.tsx,37,"{ memberId: ""00014444-4444-8444-844444444444"", displayName: ""አባላት አለት"", status: ""active"", contributionAmount: CONTRIBUTION },"
src/components/draw/DrawBoard.tsx,38,"{ memberId: ""00024444-4444-8444-844444444444"", displayName: ""አባላት ሁለት"", status: ""active"", contributionAmount: CONTRIBUTION },"
src/components/draw/DrawBoard.tsx,39,"{ memberId: ""00034444-4444-8444-844444444444"", displayName: ""አባላት ሦስት"", status: ""active"", contributionAmount: CONTRIBUTION },"
src/components/draw/DrawBoard.tsx,40,"{ memberId: ""00044444-4444-8444-844444444444"", displayName: ""አባላት አራት"", status: ""active"", contributionAmount: CONTRIBUTION },"
src/components/draw/DrawBoard.tsx,41,"{ memberId: ""00054444-4444-8444-844444444444"", displayName: ""አባላት አምስት"", status: ""active"", contributionAmount: CONTRIBUTION },"
src/components/draw/DrawBoard.tsx,42,"{ memberId: ""00064444-4444-8444-844444444444"", displayName: ""አባላት ስድስት"", status: ""active"", contributionAmount: CONTRIBUTION },"
src/components/draw/DrawBoard.tsx,43,"{ memberId: ""00074444-4444-8444-844444444444"", displayName: ""አባላት ሰባት"", status: ""active"", contributionAmount: CONTRIBUTION },"
src/components/draw/DrawBoard.tsx,44,"{ memberId: ""00084444-4444-8444-844444444444"", displayName: ""አባላት ስምንት"", status: ""active"", contributionAmount: CONTRIBUTION }"
src/components/draw/MesobCeremony.tsx,36,* The መሶብ ceremony.
src/components/draw/MesobCeremony.tsx,65,aria-label={`የእጣ ሥርዓት — ${roundLabel}`}
src/components/draw/MesobCeremony.tsx,100,"<span className=""font-ethiopic"">ቃል</span>"
src/components/draw/MesobCeremony.tsx,112,"{winnerName ?? ""አሸናፊ""}"
src/components/draw/MesobCeremony.tsx,115,እጣ ተጠናቋል
src/components/draw/MesobCeremony.tsx,120,"{reducedMotion ? ""እጣዎች በመሶብ ውስጥ በመሆን ላይ እየተጠበቀ ነው"" : ""መሶቡ እየተጨማረ ነው…""}"
src/components/draw/MesobCeremony.tsx,125,"? ""ቃል መዋጮው ተዘጋጅቷል፤ ዘመኑ እስኪተገልጥ አልተቻለም"""
src/components/draw/MesobCeremony.tsx,126,": ""ሦስት ደረጃዎች — ቃል መዋጮ · መስበር · ማረጋገጥ""}"
src/components/governance/GovernanceWorkspace.tsx,36,"{locale === ""am"" ? ""EN"" : ""አማ""}"
src/components/shell/WorkspaceLinks.tsx,22,* The M1 bottom-nav slots are left alone: Home / ደብተር / Members / Profile are
src/components/shell/WorkspaceLinks.tsx,33,"label: ""ድምጽ"","
src/components/shell/WorkspaceLinks.tsx,39,"label: ""እጣ"","
src/components/shell/WorkspaceLinks.tsx,45,"label: ""ደብተር"","
src/components/shell/WorkspaceLinks.tsx,51,"label: ""መመሪያ"","
src/components/shell/WorkspaceLinks.tsx,57,"label: ""ኦፍላይን"","
src/components/voice/AudioDigestModal.tsx,36,* The `አድምጥ` spoken balance sheet (ROADMAP §3.2).
src/components/voice/VoiceWorkbench.tsx,178,"{option === ""en"" ? ""English"" : ""አማርኛ""}"
src/lib/ledger/accounts.ts,17,* | `POT_CASH` | asset | the money members can see in the ደብተር |
src/lib/ledger/accounts.ts,59,"POT_CASH: { code: ""POT_CASH"", name: ""የእቁብ ጥሬ ሂሳብ"", type: ""asset"" },"
src/lib/ledger/accounts.ts,62,"name: ""የስጠታ ገቢ"","
src/lib/ledger/accounts.ts,67,"name: ""የእጣ ክፍያ ወጪ"","
src/lib/ledger/accounts.ts,72,"name: ""የመክፈት ቀድሞ ሂሳብ"","
src/lib/ledger/homeSummary.ts,12,"* account — the asset the ደብተር shows (see `accounts.ts`). It is an asset, so"
src/lib/memberAvatarStyle.ts,10,* The four frames are Tibeb (ጥበብ) embroidery borders and are interchangeable:
src/lib/voice/lexicon.ts,17,"""\u1274\u120c\u1265\u122d"", // ቴሌብር"
src/lib/voice/lexicon.ts,18,"""\u1274\u1208\u1265\u122d"", // ቴለብር"
src/lib/voice/lexicon.ts,19,"""\u1274\u120c\u1268\u122d"", // ቴሌበር"
src/lib/voice/lexicon.ts,28,"""\u1232\u1262\u12a2"", // ሲቢኢ"
src/lib/voice/lexicon.ts,29,"""\u1232\u1262\u1265"", // ሲቢብ"
src/lib/voice/lexicon.ts,30,"""\u1232\u1262"", // ሲቢ"
src/lib/voice/lexicon.ts,38,"""\u12a0\u12cb\u123d"", // አዋሽ"
src/lib/voice/lexicon.ts,39,"""\u12a0\u12cb\u1230"", // አዋሰ"
src/lib/voice/lexicon.ts,49,"""\u1325\u122c"", // ጥሬ"
src/lib/voice/lexicon.ts,50,"""\u1325\u122c\u1295"", // ጥሬን"
src/lib/voice/lexicon.ts,58,"""\u1265\u1295\u12ad"", // ባንክ"
src/lib/voice/lexicon.ts,66,"""\u1265\u122d"", // ብር"
src/lib/voice/lexicon.ts,67,"""\u1265\u122e"", // ብሮ"
src/lib/voice/lexicon.ts,68,"""\u1265\u122d\u122e"", // ብርሮ"
src/lib/voice/lexicon.ts,77,"* ""ዶላር 500"" utterance from being read as a 500 birr contribution."
src/lib/voice/lexicon.ts,80,"""\u12f6\u120b\u122d"", // ዶላር"
src/lib/voice/lexicon.ts,81,"""\u12a2\u12ee\u122d"", // ኢዮር"
src/lib/voice/lexicon.ts,82,"""\u1333\u12cd\u1295"", // ጳውንድ"
src/lib/voice/lexicon.ts,83,"""\u12a0\u121e\u122d"", // አሞር"
src/lib/voice/lexicon.ts,84,"""\u1230\u12a2\u12f0\u1275"", // ሰኢደት"
src/lib/voice/lexicon.ts,96,"""\u12a0\u1235\u1308\u1265\u127b\u1208\u1201"", // አስገብቻለሁ"
src/lib/voice/lexicon.ts,97,"""\u12a0\u1235\u1308\u1263\u1208\u1201"", // አስገባለሁ"
src/lib/voice/lexicon.ts,98,"""\u12a0\u1235\u1308\u127b\u1208\u1201"", // አስገባሁ"
src/lib/voice/lexicon.ts,99,"""\u12a0\u1235\u1308\u127b\u121d"", // አስገባን"
src/lib/voice/lexicon.ts,100,"""\u12a0\u1235\u1308\u1263\u1208\u1201\u120f"", // አስገባለን"
src/lib/voice/lexicon.ts,101,"""\u1308\u12ad"", // ገቢ"
src/lib/voice/lexicon.ts,102,"""\u1308\u12d2"", // ገቢ"
src/lib/voice/lexicon.ts,103,"""\u1305\u1230"", // ገብ"
src/lib/voice/lexicon.ts,104,"""\u1308\u12ad\u129b"", // ገባኛ"
src/lib/voice/lexicon.ts,119,"""\u12a5\u1241\u1265"", // እቁብ"
src/lib/voice/lexicon.ts,120,"""\u1308\u1295\u12d8\u1265"", // ግንዘብ"
src/lib/voice/lexicon.ts,121,"""\u1308\u1295\u12d8"", // ግንዘ"
src/lib/voice/lexicon.ts,122,"""\u1295\u12f6"", // ንጉ"
src/lib/voice/lexicon.ts,123,"""\u12ad\u134d\u12eb"", // ክፍያ"
src/lib/voice/lexicon.ts,124,"""\u12a0\u1235\u1308\u1265"", // አስገብ"
src/lib/voice/lexicon.ts,137,"""\u1261\u1325\u122d"", // ቁጥር"
src/lib/voice/lexicon.ts,138,"""\u1261\u1325\u1229"", // ቁጥሩ"
src/lib/voice/lexicon.ts,139,"""\u12a0\u12ed\u12f5"", // አይድ"
src/lib/voice/lexicon.ts,140,"""\u12a0\u12ed\u12f6"", // አይዶ"
src/lib/voice/lexicon.ts,141,"""\u1275\u12d5\u122d\u1295\u1235"", // ትዕርንስ"
src/lib/voice/lexicon.ts,142,"""\u1218\u1208\u12eb"", // መለያ"
src/lib/voice/lexicon.ts,143,"""\u1270\u1246\u1323\u1325"", // ተከታታይ"
src/lib/voice/lexicon.ts,144,"""\u121b\u1315"", // ርፍ"
src/lib/voice/lexicon.ts,145,"""\u1325\u1241\u122d"", // ጥቁር"
src/lib/voice/months.ts,22,"""\u1218\u1235\u12a8\u1228\u121d"", // መስከረም"
src/lib/voice/months.ts,23,"""\u1218\u1235\u12a8\u1228\u121b"", // መስከረም"
src/lib/voice/months.ts,31,"""\u1325\u1245\u121d\u1275"", // ጥቅምት"
src/lib/voice/months.ts,32,"""\u1325\u1245\u121b"", // ጥቅምብ"
src/lib/voice/months.ts,40,"""\u1285\u12f3\u122d"", // ኅዳር"
src/lib/voice/months.ts,41,"""\u128d\u12f3\u122d"", // ኍዳር"
src/lib/voice/months.ts,48,"""\u1273\u1285\u1223\u1225"", // ታኅሣሥ"
src/lib/voice/months.ts,49,"""\u1273\u1205\u1223\u1225"", // ታህሣሥ"
src/lib/voice/months.ts,50,"""\u1273\u122d\u1233"", // ታርስ"
src/lib/voice/months.ts,57,"""\u1325\u122d"", // ጥር"
src/lib/voice/months.ts,58,"""\u1325\u1229"", // ጥሩ"
src/lib/voice/months.ts,64,"""\u12e8\u12ab\u1272\u1275"", // የካቲት"
src/lib/voice/months.ts,65,"""\u12e8\u12ab\u1272\u121b"", // የካቲብ"
src/lib/voice/months.ts,66,"""\u12e8\u12ab\u1272"", // የካቲ"
src/lib/voice/months.ts,73,"""\u1218\u130b\u1262\u1275"", // መጋቢት"
src/lib/voice/months.ts,74,"""\u1218\u130a\u1262\u1275"", // መጋቤት"
src/lib/voice/months.ts,82,"""\u121a\u12eb\u12dd\u12eb"", // ሚያዝያ"
src/lib/voice/months.ts,83,"""\u1219\u12eb\u12dd\u12eb"", // ሙያዝያ"
src/lib/voice/months.ts,92,"""\u130d\u1295\u1266\u1275"", // ግንቦት"
src/lib/voice/months.ts,93,"""\u130d\u1295\u1266\u121b"", // ግንቦብ"
src/lib/voice/months.ts,101,"""\u1208\u12ab\u1232\u121d"", // ለካሲም"
src/lib/voice/months.ts,102,"""\u1230\u1294"", // ሰኔ"
src/lib/voice/months.ts,103,"""\u1208\u1232\u121d"", // ለሲን"
src/lib/voice/months.ts,111,"""\u1210\u121d\u120c"", // ሐምሌ"
src/lib/voice/months.ts,112,"""\u1200\u121d\u120c"", // ሀምሌ"
src/lib/voice/months.ts,113,"""\u1203\u121d\u120c"", // ሃምሌ"
src/lib/voice/months.ts,119,"""\u1290\u1210\u1234"", // ነሐሴ"
src/lib/voice/months.ts,120,"""\u1290\u1200\u1234"", // ነሃሴ"
src/lib/voice/months.ts,121,"""\u1290\u1203\u1234"", // ነሃሴ"
src/lib/voice/months.ts,122,"""\u1290\u1210\u1233"", // ነሐሳ"
src/lib/voice/months.ts,129,"""\u1333\u1309\u121c\u1295"", // ጳጉሜን"
src/lib/voice/months.ts,130,"""\u1333\u1309\u1218\u1295"", // ጳጉመን"
src/lib/voice/normalize.ts,50,"* here — they are folded to ASCII first, so a reference such as `፬፪` reaches"
src/lib/voice/normalize.ts,54,"""\u1361"": "" "", //  ፡"
src/lib/voice/normalize.ts,55,"""\u1362"": "" "", //  ።"
src/lib/voice/normalize.ts,56,"""\u1363"": "" "", //  ፣"
src/lib/voice/normalize.ts,57,"""\u1364"": "" "", //  ፤"
src/lib/voice/normalize.ts,58,"""\u1365"": "" "", //  ፥"
src/lib/voice/normalize.ts,59,"""\u1366"": "" "", //  ፦"
src/lib/voice/normalize.ts,60,"""\u1367"": "" "", //  ፧"
src/lib/voice/normalize.ts,61,"""\u1368"": "" "" //  ፨"
src/lib/voice/normalize.ts,75,"* Digits are folded *before* punctuation is stripped, so `፬፣፪` (4,2)"
src/lib/voice/normalize.ts,178,"* `ለመስከረም` (for Meskerem), `በቴሌብር` (via Telebirr), `በባንክ` (at the bank)."
src/lib/voice/normalize.ts,184,"* and take the first hit, so `በቴሌብር` resolves to `ቴሌብር` → `telebirr`."
src/lib/voice/normalize.ts,187,"""\u1235\u1208"", // ስለ"
src/lib/voice/normalize.ts,188,"""\u12d8\u12f0"", // ወደ"
src/lib/voice/normalize.ts,189,"""\u12a8"", // ከ"
src/lib/voice/normalize.ts,190,"""\u1260"", // በ"
src/lib/voice/normalize.ts,191,"""\u1208"", // ለ"
src/lib/voice/normalize.ts,192,"""\u12e8"", // የ"
src/lib/voice/normalize.ts,193,"""\u12a8\u1295"", // ክን"
src/lib/voice/normalize.ts,194,"""\u12a8\u1230"" // ክሰ"
src/lib/voice/numerals.ts,8,"*   - round tens take a unit prefix:  Amharic `አምስት አስራ` = 50,"
src/lib/voice/numerals.ts,10,"*   - everything else takes a unit suffix:  Amharic `ሃያ አንድ` = 21,"
src/lib/voice/numerals.ts,13,* Those two forms are genuinely ambiguous in the surface string — `አምስት አስራ`
src/lib/voice/numerals.ts,33,"""\u12a0\u1295\u12f5"": 1n, // አንድ"
src/lib/voice/numerals.ts,34,"""\u1201\u1208\u1275"": 2n, // ሁለት"
src/lib/voice/numerals.ts,35,"""\u1226\u1235\u1275"": 3n, // ሦስት"
src/lib/voice/numerals.ts,36,"""\u12a0\u122b\u1275"": 4n, // አራት"
src/lib/voice/numerals.ts,37,"""\u12a0\u121d\u1235\u1275"": 5n, // አምስት"
src/lib/voice/numerals.ts,38,"""\u1235\u12f5\u1235\u1275"": 6n, // ስድስት"
src/lib/voice/numerals.ts,39,"""\u1230\u1263\u1275"": 7n, // ሰባት"
src/lib/voice/numerals.ts,40,"""\u1235\u121d\u1295\u1275"": 8n, // ስምንት"
src/lib/voice/numerals.ts,41,"""\u12d8\u1320\u129d"": 9n, // ዘጠኝ"
src/lib/voice/numerals.ts,65,"""\u12a0\u1235\u122b"": 10n, // አስራ"
src/lib/voice/numerals.ts,66,"""\u1203\u12eb"": 20n, // ሃያ"
src/lib/voice/numerals.ts,67,"""\u1230\u120b\u1233"": 30n, // ሰላሳ"
src/lib/voice/numerals.ts,68,"""\u12a0\u122d\u1263"": 40n, // አርባ"
src/lib/voice/numerals.ts,69,"""\u1203\u121d\u1233"": 50n, // ሃምሳ"
src/lib/voice/numerals.ts,70,"""\u1235\u12f5\u1233"": 60n, // ስድሳ"
src/lib/voice/numerals.ts,71,"""\u1230\u1263"": 70n, // ሰባ"
src/lib/voice/numerals.ts,72,"""\u1230\u121b\u1295\u12eb"": 80n, // ሰማንያ"
src/lib/voice/numerals.ts,73,"""\u1230\u12f5\u1233"": 90n, // ሰድሳ"
src/lib/voice/numerals.ts,96,* Multipliers. A bare multiplier means the multiplier itself (`ሺህ` = 1000);
src/lib/voice/numerals.ts,97,* combined with a pending unit it multiplies it (`አምስት ሺህ` = 5000).
src/lib/voice/numerals.ts,101,"""\u1218\u1276"": 100n, // መቶ"
src/lib/voice/numerals.ts,102,"""\u12a0\u1218\u1276"": 100n, // አመቶ"
src/lib/voice/numerals.ts,103,"""\u12a0\u123d\u1275"": 1000n, // አሽት"
src/lib/voice/numerals.ts,104,"""\u123a\u1205"": 1000n, // ሺህ"
src/lib/voice/numerals.ts,105,"""\u12a3\u1225\u122d"": 10_000n, // ኣሥር"
src/lib/voice/numerals.ts,106,"""\u12a0\u123d\u1270\u129b"": 2000n, // አሽተኛ"
src/lib/voice/numerals.ts,107,"""\u12a3\u123d\u1270\u129b"": 2000n, // ኣሽተኛ"
src/lib/voice/numerals.ts,108,"""\u123a\u1205\u129b"": 1000n, // ሺህኛ"
src/lib/voice/numerals.ts,136,"* In Amharic a round ten is always unit + አስራ (`ስምንት አስራ` = 80). In Oromo,"
src/lib/voice/numerals.ts,137,* ዲግዳማ (`digdama`) does double duty: it means twenty on its own — `digdama
src/lib/voice/numerals.ts,141,"* word is not that construction: `አምስት ሃምሳ` is Amharic for fifty-five, so"
src/lib/voice/numerals.ts,146,"""\u12a0\u1235\u122b"", // አስራ"
src/lib/voice/numerals.ts,205,"* forward, because that is the only way to tell `አህሪ ሺህ` (50 × 1,000) from"
src/lib/voice/numerals.ts,206,* `ሃያ አንድ` (20 + 1) without a second pass. Lookahead also keeps a
src/lib/voice/numerals.ts,235,"// `አሽት ሁለት` must not become 1,002."
src/lib/voice/numerals.ts,242,"// here multiplied by `next.value` instead, which is right only for አስራ"
src/lib/voice/numerals.ts,259,// Suffix form: `ሃያ አንድ` = 21. Finished — a later multiplier must
src/lib/voice/numerals.ts,272,"// A bare multiplier *is* the multiplier: `ሺህ` = 1,000."
src/lib/voice/numerals.ts,275,// `ሺህ አሽት` is not a number anyone says.
src/lib/voice/parser.ts,30,"* `""ለመስከረም ወር እቁብ 5,000 ብር በቴሌብር አስገብቻለሁ፣ ቁጥሩ 9BF42 ነው""`"
src/lib/voice/parser.ts,95,"* Amharic glues prepositions onto nouns (`በቴሌብር`, `ለመስከረም`), so every"
src/lib/voice/parser.ts,191,"* words. Longest-match is tried first, so `አምስት አስራ` is one run of 50 and"
src/lib/voice/parser.ts,348,(next !== null && /^[\u1290\u12cd]$/u.test(next.text)); // ነው / ነው።
src/lib/voice/parser.ts,401,/** Was this run immediately introduced by a reference label? e.g. `ቁጥር 5`. */
src/lib/voice/parser.ts,478,// `ዶላር 500` must never become a 500 birr contribution.
src/lib/voice/tts.ts,5,"* Text-to-speech for the spoken balance sheet (`አድምጥ`, ROADMAP §3.2)."
src/lib/voice/types.ts,21,"* `ታኅሣሥ` twice (it is Tahsas, month 4, *not* Nehase, month 12);"
